code,label
"def solve_0(values):
    total = 0
    for value in values:
        total += value
    return total",correct_solution
"def solve_1(text):
    return text.strip().lower()",correct_solution
"def solve_2(numbers):
    return [number * 2 for number in numbers]",correct_solution
"def solve_3(n):
    if n <= 1:
        return n
    return solve_3(n - 1) + solve_3(n - 2)",correct_solution
"def solve_4(items):
    counts = {}
    for item in items:
        counts[item] = counts.get(item, 0) + 1
    return counts",correct_solution
"def solve_5(values):
    total = 0
    for value in values:
        total += value
    return total",correct_solution
"def solve_6(text):
    return text.strip().lower()",correct_solution
"def solve_7(numbers):
    return [number * 2 for number in numbers]",correct_solution
"def solve_8(n):
    if n <= 1:
        return n
    return solve_8(n - 1) + solve_8(n - 2)",correct_solution
"def solve_9(items):
    counts = {}
    for item in items:
        counts[item] = counts.get(item, 0) + 1
    return counts",correct_solution
"def solve_10(values):
    total = 0
    for value in values:
        total += value
    return total",correct_solution
"def solve_11(text):
    return text.strip().lower()",correct_solution
"def solve_12(numbers):
    return [number * 2 for number in numbers]",correct_solution
"def solve_13(n):
    if n <= 1:
        return n
    return solve_13(n - 1) + solve_13(n - 2)",correct_solution
"def solve_14(items):
    counts = {}
    for item in items:
        counts[item] = counts.get(item, 0) + 1
    return counts",correct_solution
"def solve_15(values):
    total = 0
    for value in values:
        total += value
    return total",correct_solution
"def solve_16(text):
    return text.strip().lower()",correct_solution
"def solve_17(numbers):
    return [number * 2 for number in numbers]",correct_solution
"def solve_18(n):
    if n <= 1:
        return n
    return solve_18(n - 1) + solve_18(n - 2)",correct_solution
"def solve_19(items):
    counts = {}
    for item in items:
        counts[item] = counts.get(item, 0) + 1
    return counts",correct_solution
"def solve_20(values):
    total = 0
    for value in values:
        total += value
    return total",correct_solution
"def solve_21(text):
    return text.strip().lower()",correct_solution
"def solve_22(numbers):
    return [number * 2 for number in numbers]",correct_solution
"def solve_23(n):
    if n <= 1:
        return n
    return solve_23(n - 1) + solve_23(n - 2)",correct_solution
"def solve_24(items):
    counts = {}
    for item in items:
        counts[item] = counts.get(item, 0) + 1
    return counts",correct_solution
"def solve_25(values):
    total = 0
    for value in values:
        total += value
    return total",correct_solution
"def solve_26(text):
    return text.strip().lower()",correct_solution
"def solve_27(numbers):
    return [number * 2 for number in numbers]",correct_solution
"def solve_28(n):
    if n <= 1:
        return n
    return solve_28(n - 1) + solve_28(n - 2)",correct_solution
"def solve_29(items):
    counts = {}
    for item in items:
        counts[item] = counts.get(item, 0) + 1
    return counts",correct_solution
"def solve_30(values):
    total = 0
    for value in values:
        total += value
    return total",correct_solution
"def solve_31(text):
    return text.strip().lower()",correct_solution
"def solve_32(numbers):
    return [number * 2 for number in numbers]",correct_solution
"def solve_33(n):
    if n <= 1:
        return n
    return solve_33(n - 1) + solve_33(n - 2)",correct_solution
"def solve_34(items):
    counts = {}
    for item in items:
        counts[item] = counts.get(item, 0) + 1
    return counts",correct_solution
"def solve_35(values):
    total = 0
    for value in values:
        total += value
    return total",correct_solution
"def solve_36(text):
    return text.strip().lower()",correct_solution
"def solve_37(numbers):
    return [number * 2 for number in numbers]",correct_solution
"def solve_38(n):
    if n <= 1:
        return n
    return solve_38(n - 1) + solve_38(n - 2)",correct_solution
"def solve_39(items):
    counts = {}
    for item in items:
        counts[item] = counts.get(item, 0) + 1
    return counts",correct_solution
"def solve_40(values):
    total = 0
    for value in values:
        total += value
    return total",correct_solution
"def solve_41(text):
    return text.strip().lower()",correct_solution
"def solve_42(numbers):
    return [number * 2 for number in numbers]",correct_solution
"def solve_43(n):
    if n <= 1:
        return n
    return solve_43(n - 1) + solve_43(n - 2)",correct_solution
"def solve_44(items):
    counts = {}
    for item in items:
        counts[item] = counts.get(item, 0) + 1
    return counts",correct_solution
"def solve_45(values):
    total = 0
    for value in values:
        total += value
    return total",correct_solution
"def solve_46(text):
    return text.strip().lower()",correct_solution
"def solve_47(numbers):
    return [number * 2 for number in numbers]",correct_solution
"def solve_48(n):
    if n <= 1:
        return n
    return solve_48(n - 1) + solve_48(n - 2)",correct_solution
"def solve_49(items):
    counts = {}
    for item in items:
        counts[item] = counts.get(item, 0) + 1
    return counts",correct_solution
"def solve_50(values):
    total = 0
    for value in values:
        total += value
    return total",correct_solution
"def solve_51(text):
    return text.strip().lower()",correct_solution
"def solve_52(numbers):
    return [number * 2 for number in numbers]",correct_solution
"def solve_53(n):
    if n <= 1:
        return n
    return solve_53(n - 1) + solve_53(n - 2)",correct_solution
"def solve_54(items):
    counts = {}
    for item in items:
        counts[item] = counts.get(item, 0) + 1
    return counts",correct_solution
"def solve_55(values):
    total = 0
    for value in values:
        total += value
    return total",correct_solution
"def solve_56(text):
    return text.strip().lower()",correct_solution
"def solve_57(numbers):
    return [number * 2 for number in numbers]",correct_solution
"def solve_58(n):
    if n <= 1:
        return n
    return solve_58(n - 1) + solve_58(n - 2)",correct_solution
"def solve_59(items):
    counts = {}
    for item in items:
        counts[item] = counts.get(item, 0) + 1
    return counts",correct_solution
"def solve_60(values):
    total = 0
    for value in values:
        total += value
    return total",correct_solution
"def solve_61(text):
    return text.strip().lower()",correct_solution
"def solve_62(numbers):
    return [number * 2 for number in numbers]",correct_solution
"def solve_63(n):
    if n <= 1:
        return n
    return solve_63(n - 1) + solve_63(n - 2)",correct_solution
"def solve_64(items):
    counts = {}
    for item in items:
        counts[item] = counts.get(item, 0) + 1
    return counts",correct_solution
"def solve_65(values):
    total = 0
    for value in values:
        total += value
    return total",correct_solution
"def solve_66(text):
    return text.strip().lower()",correct_solution
"def solve_67(numbers):
    return [number * 2 for number in numbers]",correct_solution
"def solve_68(n):
    if n <= 1:
        return n
    return solve_68(n - 1) + solve_68(n - 2)",correct_solution
"def solve_69(items):
    counts = {}
    for item in items:
        counts[item] = counts.get(item, 0) + 1
    return counts",correct_solution
"def solve_70(values):
    total = 0
    for value in values:
        total += value
    return total",correct_solution
"def solve_71(text):
    return text.strip().lower()",correct_solution
"def solve_72(numbers):
    return [number * 2 for number in numbers]",correct_solution
"def solve_73(n):
    if n <= 1:
        return n
    return solve_73(n - 1) + solve_73(n - 2)",correct_solution
"def solve_74(items):
    counts = {}
    for item in items:
        counts[item] = counts.get(item, 0) + 1
    return counts",correct_solution
"def solve_75(values):
    total = 0
    for value in values:
        total += value
    return total",correct_solution
"def solve_76(text):
    return text.strip().lower()",correct_solution
"def solve_77(numbers):
    return [number * 2 for number in numbers]",correct_solution
"def solve_78(n):
    if n <= 1:
        return n
    return solve_78(n - 1) + solve_78(n - 2)",correct_solution
"def solve_79(items):
    counts = {}
    for item in items:
        counts[item] = counts.get(item, 0) + 1
    return counts",correct_solution
"def solve_80(values):
    total = 0
    for value in values:
        total += value
    return total",correct_solution
"def solve_81(text):
    return text.strip().lower()",correct_solution
"def solve_82(numbers):
    return [number * 2 for number in numbers]",correct_solution
"def solve_83(n):
    if n <= 1:
        return n
    return solve_83(n - 1) + solve_83(n - 2)",correct_solution
"def solve_84(items):
    counts = {}
    for item in items:
        counts[item] = counts.get(item, 0) + 1
    return counts",correct_solution
"def solve_85(values):
    total = 0
    for value in values:
        total += value
    return total",correct_solution
"def solve_86(text):
    return text.strip().lower()",correct_solution
"def solve_87(numbers):
    return [number * 2 for number in numbers]",correct_solution
"def solve_88(n):
    if n <= 1:
        return n
    return solve_88(n - 1) + solve_88(n - 2)",correct_solution
"def solve_89(items):
    counts = {}
    for item in items:
        counts[item] = counts.get(item, 0) + 1
    return counts",correct_solution
"def solve_90(values):
    total = 0
    for value in values:
        total += value
    return total",correct_solution
"def solve_91(text):
    return text.strip().lower()",correct_solution
"def solve_92(numbers):
    return [number * 2 for number in numbers]",correct_solution
"def solve_93(n):
    if n <= 1:
        return n
    return solve_93(n - 1) + solve_93(n - 2)",correct_solution
"def solve_94(items):
    counts = {}
    for item in items:
        counts[item] = counts.get(item, 0) + 1
    return counts",correct_solution
"def solve_95(values):
    total = 0
    for value in values:
        total += value
    return total",correct_solution
"def solve_96(text):
    return text.strip().lower()",correct_solution
"def solve_97(numbers):
    return [number * 2 for number in numbers]",correct_solution
"def solve_98(n):
    if n <= 1:
        return n
    return solve_98(n - 1) + solve_98(n - 2)",correct_solution
"def solve_99(items):
    counts = {}
    for item in items:
        counts[item] = counts.get(item, 0) + 1
    return counts",correct_solution
"def solve_100(values):
    total = 0
    for value in values:
        total += value
    return total",correct_solution
"def solve_101(text):
    return text.strip().lower()",correct_solution
"def solve_102(numbers):
    return [number * 2 for number in numbers]",correct_solution
"def solve_103(n):
    if n <= 1:
        return n
    return solve_103(n - 1) + solve_103(n - 2)",correct_solution
"def solve_104(items):
    counts = {}
    for item in items:
        counts[item] = counts.get(item, 0) + 1
    return counts",correct_solution
"def solve_105(values):
    total = 0
    for value in values:
        total += value
    return total",correct_solution
"def solve_106(text):
    return text.strip().lower()",correct_solution
"def solve_107(numbers):
    return [number * 2 for number in numbers]",correct_solution
"def solve_108(n):
    if n <= 1:
        return n
    return solve_108(n - 1) + solve_108(n - 2)",correct_solution
"def solve_109(items):
    counts = {}
    for item in items:
        counts[item] = counts.get(item, 0) + 1
    return counts",correct_solution
"def solve_110(values):
    total = 0
    for value in values:
        total += value
    return total",correct_solution
"def solve_111(text):
    return text.strip().lower()",correct_solution
"def solve_112(numbers):
    return [number * 2 for number in numbers]",correct_solution
"def solve_113(n):
    if n <= 1:
        return n
    return solve_113(n - 1) + solve_113(n - 2)",correct_solution
"def solve_114(items):
    counts = {}
    for item in items:
        counts[item] = counts.get(item, 0) + 1
    return counts",correct_solution
"def solve_115(values):
    total = 0
    for value in values:
        total += value
    return total",correct_solution
"def solve_116(text):
    return text.strip().lower()",correct_solution
"def solve_117(numbers):
    return [number * 2 for number in numbers]",correct_solution
"def solve_118(n):
    if n <= 1:
        return n
    return solve_118(n - 1) + solve_118(n - 2)",correct_solution
"def solve_119(items):
    counts = {}
    for item in items:
        counts[item] = counts.get(item, 0) + 1
    return counts",correct_solution
"def solve_120(values):
    total = 0
    for value in values:
        total += value
    return total",correct_solution
"def solve_121(text):
    return text.strip().lower()",correct_solution
"def solve_122(numbers):
    return [number * 2 for number in numbers]",correct_solution
"def solve_123(n):
    if n <= 1:
        return n
    return solve_123(n - 1) + solve_123(n - 2)",correct_solution
"def solve_124(items):
    counts = {}
    for item in items:
        counts[item] = counts.get(item, 0) + 1
    return counts",correct_solution
"def solve_0(values)
    return sum(values)",syntax_error
"for value in range(4)
    print(value)",syntax_error
"if 5 > 3:
print('large')",syntax_error
"def solve_3(x):
    return (x + 6",syntax_error
"items = [1, 2, 3
print(items)",syntax_error
"def solve_5(values)
    return sum(values)",syntax_error
"for value in range(9)
    print(value)",syntax_error
"if 10 > 3:
print('large')",syntax_error
"def solve_8(x):
    return (x + 11",syntax_error
"items = [1, 2, 3
print(items)",syntax_error
"def solve_10(values)
    return sum(values)",syntax_error
"for value in range(14)
    print(value)",syntax_error
"if 15 > 3:
print('large')",syntax_error
"def solve_13(x):
    return (x + 16",syntax_error
"items = [1, 2, 3
print(items)",syntax_error
"def solve_15(values)
    return sum(values)",syntax_error
"for value in range(19)
    print(value)",syntax_error
"if 20 > 3:
print('large')",syntax_error
"def solve_18(x):
    return (x + 21",syntax_error
"items = [1, 2, 3
print(items)",syntax_error
"def solve_20(values)
    return sum(values)",syntax_error
"for value in range(24)
    print(value)",syntax_error
"if 25 > 3:
print('large')",syntax_error
"def solve_23(x):
    return (x + 26",syntax_error
"items = [1, 2, 3
print(items)",syntax_error
"def solve_25(values)
    return sum(values)",syntax_error
"for value in range(29)
    print(value)",syntax_error
"if 30 > 3:
print('large')",syntax_error
"def solve_28(x):
    return (x + 31",syntax_error
"items = [1, 2, 3
print(items)",syntax_error
"def solve_30(values)
    return sum(values)",syntax_error
"for value in range(34)
    print(value)",syntax_error
"if 35 > 3:
print('large')",syntax_error
"def solve_33(x):
    return (x + 36",syntax_error
"items = [1, 2, 3
print(items)",syntax_error
"def solve_35(values)
    return sum(values)",syntax_error
"for value in range(39)
    print(value)",syntax_error
"if 40 > 3:
print('large')",syntax_error
"def solve_38(x):
    return (x + 41",syntax_error
"items = [1, 2, 3
print(items)",syntax_error
"def solve_40(values)
    return sum(values)",syntax_error
"for value in range(44)
    print(value)",syntax_error
"if 45 > 3:
print('large')",syntax_error
"def solve_43(x):
    return (x + 46",syntax_error
"items = [1, 2, 3
print(items)",syntax_error
"def solve_45(values)
    return sum(values)",syntax_error
"for value in range(49)
    print(value)",syntax_error
"if 50 > 3:
print('large')",syntax_error
"def solve_48(x):
    return (x + 51",syntax_error
"items = [1, 2, 3
print(items)",syntax_error
"def solve_50(values)
    return sum(values)",syntax_error
"for value in range(54)
    print(value)",syntax_error
"if 55 > 3:
print('large')",syntax_error
"def solve_53(x):
    return (x + 56",syntax_error
"items = [1, 2, 3
print(items)",syntax_error
"def solve_55(values)
    return sum(values)",syntax_error
"for value in range(59)
    print(value)",syntax_error
"if 60 > 3:
print('large')",syntax_error
"def solve_58(x):
    return (x + 61",syntax_error
"items = [1, 2, 3
print(items)",syntax_error
"def solve_60(values)
    return sum(values)",syntax_error
"for value in range(64)
    print(value)",syntax_error
"if 65 > 3:
print('large')",syntax_error
"def solve_63(x):
    return (x + 66",syntax_error
"items = [1, 2, 3
print(items)",syntax_error
"def solve_65(values)
    return sum(values)",syntax_error
"for value in range(69)
    print(value)",syntax_error
"if 70 > 3:
print('large')",syntax_error
"def solve_68(x):
    return (x + 71",syntax_error
"items = [1, 2, 3
print(items)",syntax_error
"def solve_70(values)
    return sum(values)",syntax_error
"for value in range(74)
    print(value)",syntax_error
"if 75 > 3:
print('large')",syntax_error
"def solve_73(x):
    return (x + 76",syntax_error
"items = [1, 2, 3
print(items)",syntax_error
"def solve_75(values)
    return sum(values)",syntax_error
"for value in range(79)
    print(value)",syntax_error
"if 80 > 3:
print('large')",syntax_error
"def solve_78(x):
    return (x + 81",syntax_error
"items = [1, 2, 3
print(items)",syntax_error
"def solve_80(values)
    return sum(values)",syntax_error
"for value in range(84)
    print(value)",syntax_error
"if 85 > 3:
print('large')",syntax_error
"def solve_83(x):
    return (x + 86",syntax_error
"items = [1, 2, 3
print(items)",syntax_error
"def solve_85(values)
    return sum(values)",syntax_error
"for value in range(89)
    print(value)",syntax_error
"if 90 > 3:
print('large')",syntax_error
"def solve_88(x):
    return (x + 91",syntax_error
"items = [1, 2, 3
print(items)",syntax_error
"def solve_90(values)
    return sum(values)",syntax_error
"for value in range(94)
    print(value)",syntax_error
"if 95 > 3:
print('large')",syntax_error
"def solve_93(x):
    return (x + 96",syntax_error
"items = [1, 2, 3
print(items)",syntax_error
"def solve_95(values)
    return sum(values)",syntax_error
"for value in range(99)
    print(value)",syntax_error
"if 100 > 3:
print('large')",syntax_error
"def solve_98(x):
    return (x + 101",syntax_error
"items = [1, 2, 3
print(items)",syntax_error
"def solve_100(values)
    return sum(values)",syntax_error
"for value in range(104)
    print(value)",syntax_error
"if 105 > 3:
print('large')",syntax_error
"def solve_103(x):
    return (x + 106",syntax_error
"items = [1, 2, 3
print(items)",syntax_error
"def solve_105(values)
    return sum(values)",syntax_error
"for value in range(109)
    print(value)",syntax_error
"if 110 > 3:
print('large')",syntax_error
"def solve_108(x):
    return (x + 111",syntax_error
"items = [1, 2, 3
print(items)",syntax_error
"def solve_110(values)
    return sum(values)",syntax_error
"for value in range(114)
    print(value)",syntax_error
"if 115 > 3:
print('large')",syntax_error
"def solve_113(x):
    return (x + 116",syntax_error
"items = [1, 2, 3
print(items)",syntax_error
"def solve_115(values)
    return sum(values)",syntax_error
"for value in range(119)
    print(value)",syntax_error
"if 120 > 3:
print('large')",syntax_error
"def solve_118(x):
    return (x + 121",syntax_error
"items = [1, 2, 3
print(items)",syntax_error
"def solve_120(values)
    return sum(values)",syntax_error
"for value in range(124)
    print(value)",syntax_error
"if 125 > 3:
print('large')",syntax_error
"def solve_123(x):
    return (x + 126",syntax_error
"items = [1, 2, 3
print(items)",syntax_error
"def solve_0(values):
    total = 0
    for value in values:
        total += item
    return total",variable_misuse
"def solve_1(text):
    cleaned = text.strip()
    return clean.lower()",variable_misuse
"def solve_2(numbers):
    maximum = numbers[0]
    for number in numbers:
        if value > maximum:
            maximum = value
    return maximum",variable_misuse
"def solve_3(name):
    greeting = 'Hello ' + user
    return greeting",variable_misuse
"def solve_4(x, y):
    result = x + y
    return total",variable_misuse
"def solve_5(values):
    total = 0
    for value in values:
        total += item
    return total",variable_misuse
"def solve_6(text):
    cleaned = text.strip()
    return clean.lower()",variable_misuse
"def solve_7(numbers):
    maximum = numbers[0]
    for number in numbers:
        if value > maximum:
            maximum = value
    return maximum",variable_misuse
"def solve_8(name):
    greeting = 'Hello ' + user
    return greeting",variable_misuse
"def solve_9(x, y):
    result = x + y
    return total",variable_misuse
"def solve_10(values):
    total = 0
    for value in values:
        total += item
    return total",variable_misuse
"def solve_11(text):
    cleaned = text.strip()
    return clean.lower()",variable_misuse
"def solve_12(numbers):
    maximum = numbers[0]
    for number in numbers:
        if value > maximum:
            maximum = value
    return maximum",variable_misuse
"def solve_13(name):
    greeting = 'Hello ' + user
    return greeting",variable_misuse
"def solve_14(x, y):
    result = x + y
    return total",variable_misuse
"def solve_15(values):
    total = 0
    for value in values:
        total += item
    return total",variable_misuse
"def solve_16(text):
    cleaned = text.strip()
    return clean.lower()",variable_misuse
"def solve_17(numbers):
    maximum = numbers[0]
    for number in numbers:
        if value > maximum:
            maximum = value
    return maximum",variable_misuse
"def solve_18(name):
    greeting = 'Hello ' + user
    return greeting",variable_misuse
"def solve_19(x, y):
    result = x + y
    return total",variable_misuse
"def solve_20(values):
    total = 0
    for value in values:
        total += item
    return total",variable_misuse
"def solve_21(text):
    cleaned = text.strip()
    return clean.lower()",variable_misuse
"def solve_22(numbers):
    maximum = numbers[0]
    for number in numbers:
        if value > maximum:
            maximum = value
    return maximum",variable_misuse
"def solve_23(name):
    greeting = 'Hello ' + user
    return greeting",variable_misuse
"def solve_24(x, y):
    result = x + y
    return total",variable_misuse
"def solve_25(values):
    total = 0
    for value in values:
        total += item
    return total",variable_misuse
"def solve_26(text):
    cleaned = text.strip()
    return clean.lower()",variable_misuse
"def solve_27(numbers):
    maximum = numbers[0]
    for number in numbers:
        if value > maximum:
            maximum = value
    return maximum",variable_misuse
"def solve_28(name):
    greeting = 'Hello ' + user
    return greeting",variable_misuse
"def solve_29(x, y):
    result = x + y
    return total",variable_misuse
"def solve_30(values):
    total = 0
    for value in values:
        total += item
    return total",variable_misuse
"def solve_31(text):
    cleaned = text.strip()
    return clean.lower()",variable_misuse
"def solve_32(numbers):
    maximum = numbers[0]
    for number in numbers:
        if value > maximum:
            maximum = value
    return maximum",variable_misuse
"def solve_33(name):
    greeting = 'Hello ' + user
    return greeting",variable_misuse
"def solve_34(x, y):
    result = x + y
    return total",variable_misuse
"def solve_35(values):
    total = 0
    for value in values:
        total += item
    return total",variable_misuse
"def solve_36(text):
    cleaned = text.strip()
    return clean.lower()",variable_misuse
"def solve_37(numbers):
    maximum = numbers[0]
    for number in numbers:
        if value > maximum:
            maximum = value
    return maximum",variable_misuse
"def solve_38(name):
    greeting = 'Hello ' + user
    return greeting",variable_misuse
"def solve_39(x, y):
    result = x + y
    return total",variable_misuse
"def solve_40(values):
    total = 0
    for value in values:
        total += item
    return total",variable_misuse
"def solve_41(text):
    cleaned = text.strip()
    return clean.lower()",variable_misuse
"def solve_42(numbers):
    maximum = numbers[0]
    for number in numbers:
        if value > maximum:
            maximum = value
    return maximum",variable_misuse
"def solve_43(name):
    greeting = 'Hello ' + user
    return greeting",variable_misuse
"def solve_44(x, y):
    result = x + y
    return total",variable_misuse
"def solve_45(values):
    total = 0
    for value in values:
        total += item
    return total",variable_misuse
"def solve_46(text):
    cleaned = text.strip()
    return clean.lower()",variable_misuse
"def solve_47(numbers):
    maximum = numbers[0]
    for number in numbers:
        if value > maximum:
            maximum = value
    return maximum",variable_misuse
"def solve_48(name):
    greeting = 'Hello ' + user
    return greeting",variable_misuse
"def solve_49(x, y):
    result = x + y
    return total",variable_misuse
"def solve_50(values):
    total = 0
    for value in values:
        total += item
    return total",variable_misuse
"def solve_51(text):
    cleaned = text.strip()
    return clean.lower()",variable_misuse
"def solve_52(numbers):
    maximum = numbers[0]
    for number in numbers:
        if value > maximum:
            maximum = value
    return maximum",variable_misuse
"def solve_53(name):
    greeting = 'Hello ' + user
    return greeting",variable_misuse
"def solve_54(x, y):
    result = x + y
    return total",variable_misuse
"def solve_55(values):
    total = 0
    for value in values:
        total += item
    return total",variable_misuse
"def solve_56(text):
    cleaned = text.strip()
    return clean.lower()",variable_misuse
"def solve_57(numbers):
    maximum = numbers[0]
    for number in numbers:
        if value > maximum:
            maximum = value
    return maximum",variable_misuse
"def solve_58(name):
    greeting = 'Hello ' + user
    return greeting",variable_misuse
"def solve_59(x, y):
    result = x + y
    return total",variable_misuse
"def solve_60(values):
    total = 0
    for value in values:
        total += item
    return total",variable_misuse
"def solve_61(text):
    cleaned = text.strip()
    return clean.lower()",variable_misuse
"def solve_62(numbers):
    maximum = numbers[0]
    for number in numbers:
        if value > maximum:
            maximum = value
    return maximum",variable_misuse
"def solve_63(name):
    greeting = 'Hello ' + user
    return greeting",variable_misuse
"def solve_64(x, y):
    result = x + y
    return total",variable_misuse
"def solve_65(values):
    total = 0
    for value in values:
        total += item
    return total",variable_misuse
"def solve_66(text):
    cleaned = text.strip()
    return clean.lower()",variable_misuse
"def solve_67(numbers):
    maximum = numbers[0]
    for number in numbers:
        if value > maximum:
            maximum = value
    return maximum",variable_misuse
"def solve_68(name):
    greeting = 'Hello ' + user
    return greeting",variable_misuse
"def solve_69(x, y):
    result = x + y
    return total",variable_misuse
"def solve_70(values):
    total = 0
    for value in values:
        total += item
    return total",variable_misuse
"def solve_71(text):
    cleaned = text.strip()
    return clean.lower()",variable_misuse
"def solve_72(numbers):
    maximum = numbers[0]
    for number in numbers:
        if value > maximum:
            maximum = value
    return maximum",variable_misuse
"def solve_73(name):
    greeting = 'Hello ' + user
    return greeting",variable_misuse
"def solve_74(x, y):
    result = x + y
    return total",variable_misuse
"def solve_75(values):
    total = 0
    for value in values:
        total += item
    return total",variable_misuse
"def solve_76(text):
    cleaned = text.strip()
    return clean.lower()",variable_misuse
"def solve_77(numbers):
    maximum = numbers[0]
    for number in numbers:
        if value > maximum:
            maximum = value
    return maximum",variable_misuse
"def solve_78(name):
    greeting = 'Hello ' + user
    return greeting",variable_misuse
"def solve_79(x, y):
    result = x + y
    return total",variable_misuse
"def solve_80(values):
    total = 0
    for value in values:
        total += item
    return total",variable_misuse
"def solve_81(text):
    cleaned = text.strip()
    return clean.lower()",variable_misuse
"def solve_82(numbers):
    maximum = numbers[0]
    for number in numbers:
        if value > maximum:
            maximum = value
    return maximum",variable_misuse
"def solve_83(name):
    greeting = 'Hello ' + user
    return greeting",variable_misuse
"def solve_84(x, y):
    result = x + y
    return total",variable_misuse
"def solve_85(values):
    total = 0
    for value in values:
        total += item
    return total",variable_misuse
"def solve_86(text):
    cleaned = text.strip()
    return clean.lower()",variable_misuse
"def solve_87(numbers):
    maximum = numbers[0]
    for number in numbers:
        if value > maximum:
            maximum = value
    return maximum",variable_misuse
"def solve_88(name):
    greeting = 'Hello ' + user
    return greeting",variable_misuse
"def solve_89(x, y):
    result = x + y
    return total",variable_misuse
"def solve_90(values):
    total = 0
    for value in values:
        total += item
    return total",variable_misuse
"def solve_91(text):
    cleaned = text.strip()
    return clean.lower()",variable_misuse
"def solve_92(numbers):
    maximum = numbers[0]
    for number in numbers:
        if value > maximum:
            maximum = value
    return maximum",variable_misuse
"def solve_93(name):
    greeting = 'Hello ' + user
    return greeting",variable_misuse
"def solve_94(x, y):
    result = x + y
    return total",variable_misuse
"def solve_95(values):
    total = 0
    for value in values:
        total += item
    return total",variable_misuse
"def solve_96(text):
    cleaned = text.strip()
    return clean.lower()",variable_misuse
"def solve_97(numbers):
    maximum = numbers[0]
    for number in numbers:
        if value > maximum:
            maximum = value
    return maximum",variable_misuse
"def solve_98(name):
    greeting = 'Hello ' + user
    return greeting",variable_misuse
"def solve_99(x, y):
    result = x + y
    return total",variable_misuse
"def solve_100(values):
    total = 0
    for value in values:
        total += item
    return total",variable_misuse
"def solve_101(text):
    cleaned = text.strip()
    return clean.lower()",variable_misuse
"def solve_102(numbers):
    maximum = numbers[0]
    for number in numbers:
        if value > maximum:
            maximum = value
    return maximum",variable_misuse
"def solve_103(name):
    greeting = 'Hello ' + user
    return greeting",variable_misuse
"def solve_104(x, y):
    result = x + y
    return total",variable_misuse
"def solve_105(values):
    total = 0
    for value in values:
        total += item
    return total",variable_misuse
"def solve_106(text):
    cleaned = text.strip()
    return clean.lower()",variable_misuse
"def solve_107(numbers):
    maximum = numbers[0]
    for number in numbers:
        if value > maximum:
            maximum = value
    return maximum",variable_misuse
"def solve_108(name):
    greeting = 'Hello ' + user
    return greeting",variable_misuse
"def solve_109(x, y):
    result = x + y
    return total",variable_misuse
"def solve_110(values):
    total = 0
    for value in values:
        total += item
    return total",variable_misuse
"def solve_111(text):
    cleaned = text.strip()
    return clean.lower()",variable_misuse
"def solve_112(numbers):
    maximum = numbers[0]
    for number in numbers:
        if value > maximum:
            maximum = value
    return maximum",variable_misuse
"def solve_113(name):
    greeting = 'Hello ' + user
    return greeting",variable_misuse
"def solve_114(x, y):
    result = x + y
    return total",variable_misuse
"def solve_115(values):
    total = 0
    for value in values:
        total += item
    return total",variable_misuse
"def solve_116(text):
    cleaned = text.strip()
    return clean.lower()",variable_misuse
"def solve_117(numbers):
    maximum = numbers[0]
    for number in numbers:
        if value > maximum:
            maximum = value
    return maximum",variable_misuse
"def solve_118(name):
    greeting = 'Hello ' + user
    return greeting",variable_misuse
"def solve_119(x, y):
    result = x + y
    return total",variable_misuse
"def solve_120(values):
    total = 0
    for value in values:
        total += item
    return total",variable_misuse
"def solve_121(text):
    cleaned = text.strip()
    return clean.lower()",variable_misuse
"def solve_122(numbers):
    maximum = numbers[0]
    for number in numbers:
        if value > maximum:
            maximum = value
    return maximum",variable_misuse
"def solve_123(name):
    greeting = 'Hello ' + user
    return greeting",variable_misuse
"def solve_124(x, y):
    result = x + y
    return total",variable_misuse
"def solve_0(values):
    total = 0
    for index in range(len(values) - 1):
        total += values[index]
    return total",loop_logic_error
"def solve_1(n):
    count = 0
    while count < n:
        print(count)
    return count",loop_logic_error
"def solve_2(values):
    result = []
    for index in range(1, len(values)):
        result.append(values[index])
    return result",loop_logic_error
"def solve_3(numbers):
    total = 0
    for number in numbers:
        total = number
    return total",loop_logic_error
"def solve_4(limit):
    items = []
    for value in range(limit + 1):
        items.append(value)
    return items",loop_logic_error
"def solve_5(values):
    total = 0
    for index in range(len(values) - 1):
        total += values[index]
    return total",loop_logic_error
"def solve_6(n):
    count = 0
    while count < n:
        print(count)
    return count",loop_logic_error
"def solve_7(values):
    result = []
    for index in range(1, len(values)):
        result.append(values[index])
    return result",loop_logic_error
"def solve_8(numbers):
    total = 0
    for number in numbers:
        total = number
    return total",loop_logic_error
"def solve_9(limit):
    items = []
    for value in range(limit + 1):
        items.append(value)
    return items",loop_logic_error
"def solve_10(values):
    total = 0
    for index in range(len(values) - 1):
        total += values[index]
    return total",loop_logic_error
"def solve_11(n):
    count = 0
    while count < n:
        print(count)
    return count",loop_logic_error
"def solve_12(values):
    result = []
    for index in range(1, len(values)):
        result.append(values[index])
    return result",loop_logic_error
"def solve_13(numbers):
    total = 0
    for number in numbers:
        total = number
    return total",loop_logic_error
"def solve_14(limit):
    items = []
    for value in range(limit + 1):
        items.append(value)
    return items",loop_logic_error
"def solve_15(values):
    total = 0
    for index in range(len(values) - 1):
        total += values[index]
    return total",loop_logic_error
"def solve_16(n):
    count = 0
    while count < n:
        print(count)
    return count",loop_logic_error
"def solve_17(values):
    result = []
    for index in range(1, len(values)):
        result.append(values[index])
    return result",loop_logic_error
"def solve_18(numbers):
    total = 0
    for number in numbers:
        total = number
    return total",loop_logic_error
"def solve_19(limit):
    items = []
    for value in range(limit + 1):
        items.append(value)
    return items",loop_logic_error
"def solve_20(values):
    total = 0
    for index in range(len(values) - 1):
        total += values[index]
    return total",loop_logic_error
"def solve_21(n):
    count = 0
    while count < n:
        print(count)
    return count",loop_logic_error
"def solve_22(values):
    result = []
    for index in range(1, len(values)):
        result.append(values[index])
    return result",loop_logic_error
"def solve_23(numbers):
    total = 0
    for number in numbers:
        total = number
    return total",loop_logic_error
"def solve_24(limit):
    items = []
    for value in range(limit + 1):
        items.append(value)
    return items",loop_logic_error
"def solve_25(values):
    total = 0
    for index in range(len(values) - 1):
        total += values[index]
    return total",loop_logic_error
"def solve_26(n):
    count = 0
    while count < n:
        print(count)
    return count",loop_logic_error
"def solve_27(values):
    result = []
    for index in range(1, len(values)):
        result.append(values[index])
    return result",loop_logic_error
"def solve_28(numbers):
    total = 0
    for number in numbers:
        total = number
    return total",loop_logic_error
"def solve_29(limit):
    items = []
    for value in range(limit + 1):
        items.append(value)
    return items",loop_logic_error
"def solve_30(values):
    total = 0
    for index in range(len(values) - 1):
        total += values[index]
    return total",loop_logic_error
"def solve_31(n):
    count = 0
    while count < n:
        print(count)
    return count",loop_logic_error
"def solve_32(values):
    result = []
    for index in range(1, len(values)):
        result.append(values[index])
    return result",loop_logic_error
"def solve_33(numbers):
    total = 0
    for number in numbers:
        total = number
    return total",loop_logic_error
"def solve_34(limit):
    items = []
    for value in range(limit + 1):
        items.append(value)
    return items",loop_logic_error
"def solve_35(values):
    total = 0
    for index in range(len(values) - 1):
        total += values[index]
    return total",loop_logic_error
"def solve_36(n):
    count = 0
    while count < n:
        print(count)
    return count",loop_logic_error
"def solve_37(values):
    result = []
    for index in range(1, len(values)):
        result.append(values[index])
    return result",loop_logic_error
"def solve_38(numbers):
    total = 0
    for number in numbers:
        total = number
    return total",loop_logic_error
"def solve_39(limit):
    items = []
    for value in range(limit + 1):
        items.append(value)
    return items",loop_logic_error
"def solve_40(values):
    total = 0
    for index in range(len(values) - 1):
        total += values[index]
    return total",loop_logic_error
"def solve_41(n):
    count = 0
    while count < n:
        print(count)
    return count",loop_logic_error
"def solve_42(values):
    result = []
    for index in range(1, len(values)):
        result.append(values[index])
    return result",loop_logic_error
"def solve_43(numbers):
    total = 0
    for number in numbers:
        total = number
    return total",loop_logic_error
"def solve_44(limit):
    items = []
    for value in range(limit + 1):
        items.append(value)
    return items",loop_logic_error
"def solve_45(values):
    total = 0
    for index in range(len(values) - 1):
        total += values[index]
    return total",loop_logic_error
"def solve_46(n):
    count = 0
    while count < n:
        print(count)
    return count",loop_logic_error
"def solve_47(values):
    result = []
    for index in range(1, len(values)):
        result.append(values[index])
    return result",loop_logic_error
"def solve_48(numbers):
    total = 0
    for number in numbers:
        total = number
    return total",loop_logic_error
"def solve_49(limit):
    items = []
    for value in range(limit + 1):
        items.append(value)
    return items",loop_logic_error
"def solve_50(values):
    total = 0
    for index in range(len(values) - 1):
        total += values[index]
    return total",loop_logic_error
"def solve_51(n):
    count = 0
    while count < n:
        print(count)
    return count",loop_logic_error
"def solve_52(values):
    result = []
    for index in range(1, len(values)):
        result.append(values[index])
    return result",loop_logic_error
"def solve_53(numbers):
    total = 0
    for number in numbers:
        total = number
    return total",loop_logic_error
"def solve_54(limit):
    items = []
    for value in range(limit + 1):
        items.append(value)
    return items",loop_logic_error
"def solve_55(values):
    total = 0
    for index in range(len(values) - 1):
        total += values[index]
    return total",loop_logic_error
"def solve_56(n):
    count = 0
    while count < n:
        print(count)
    return count",loop_logic_error
"def solve_57(values):
    result = []
    for index in range(1, len(values)):
        result.append(values[index])
    return result",loop_logic_error
"def solve_58(numbers):
    total = 0
    for number in numbers:
        total = number
    return total",loop_logic_error
"def solve_59(limit):
    items = []
    for value in range(limit + 1):
        items.append(value)
    return items",loop_logic_error
"def solve_60(values):
    total = 0
    for index in range(len(values) - 1):
        total += values[index]
    return total",loop_logic_error
"def solve_61(n):
    count = 0
    while count < n:
        print(count)
    return count",loop_logic_error
"def solve_62(values):
    result = []
    for index in range(1, len(values)):
        result.append(values[index])
    return result",loop_logic_error
"def solve_63(numbers):
    total = 0
    for number in numbers:
        total = number
    return total",loop_logic_error
"def solve_64(limit):
    items = []
    for value in range(limit + 1):
        items.append(value)
    return items",loop_logic_error
"def solve_65(values):
    total = 0
    for index in range(len(values) - 1):
        total += values[index]
    return total",loop_logic_error
"def solve_66(n):
    count = 0
    while count < n:
        print(count)
    return count",loop_logic_error
"def solve_67(values):
    result = []
    for index in range(1, len(values)):
        result.append(values[index])
    return result",loop_logic_error
"def solve_68(numbers):
    total = 0
    for number in numbers:
        total = number
    return total",loop_logic_error
"def solve_69(limit):
    items = []
    for value in range(limit + 1):
        items.append(value)
    return items",loop_logic_error
"def solve_70(values):
    total = 0
    for index in range(len(values) - 1):
        total += values[index]
    return total",loop_logic_error
"def solve_71(n):
    count = 0
    while count < n:
        print(count)
    return count",loop_logic_error
"def solve_72(values):
    result = []
    for index in range(1, len(values)):
        result.append(values[index])
    return result",loop_logic_error
"def solve_73(numbers):
    total = 0
    for number in numbers:
        total = number
    return total",loop_logic_error
"def solve_74(limit):
    items = []
    for value in range(limit + 1):
        items.append(value)
    return items",loop_logic_error
"def solve_75(values):
    total = 0
    for index in range(len(values) - 1):
        total += values[index]
    return total",loop_logic_error
"def solve_76(n):
    count = 0
    while count < n:
        print(count)
    return count",loop_logic_error
"def solve_77(values):
    result = []
    for index in range(1, len(values)):
        result.append(values[index])
    return result",loop_logic_error
"def solve_78(numbers):
    total = 0
    for number in numbers:
        total = number
    return total",loop_logic_error
"def solve_79(limit):
    items = []
    for value in range(limit + 1):
        items.append(value)
    return items",loop_logic_error
"def solve_80(values):
    total = 0
    for index in range(len(values) - 1):
        total += values[index]
    return total",loop_logic_error
"def solve_81(n):
    count = 0
    while count < n:
        print(count)
    return count",loop_logic_error
"def solve_82(values):
    result = []
    for index in range(1, len(values)):
        result.append(values[index])
    return result",loop_logic_error
"def solve_83(numbers):
    total = 0
    for number in numbers:
        total = number
    return total",loop_logic_error
"def solve_84(limit):
    items = []
    for value in range(limit + 1):
        items.append(value)
    return items",loop_logic_error
"def solve_85(values):
    total = 0
    for index in range(len(values) - 1):
        total += values[index]
    return total",loop_logic_error
"def solve_86(n):
    count = 0
    while count < n:
        print(count)
    return count",loop_logic_error
"def solve_87(values):
    result = []
    for index in range(1, len(values)):
        result.append(values[index])
    return result",loop_logic_error
"def solve_88(numbers):
    total = 0
    for number in numbers:
        total = number
    return total",loop_logic_error
"def solve_89(limit):
    items = []
    for value in range(limit + 1):
        items.append(value)
    return items",loop_logic_error
"def solve_90(values):
    total = 0
    for index in range(len(values) - 1):
        total += values[index]
    return total",loop_logic_error
"def solve_91(n):
    count = 0
    while count < n:
        print(count)
    return count",loop_logic_error
"def solve_92(values):
    result = []
    for index in range(1, len(values)):
        result.append(values[index])
    return result",loop_logic_error
"def solve_93(numbers):
    total = 0
    for number in numbers:
        total = number
    return total",loop_logic_error
"def solve_94(limit):
    items = []
    for value in range(limit + 1):
        items.append(value)
    return items",loop_logic_error
"def solve_95(values):
    total = 0
    for index in range(len(values) - 1):
        total += values[index]
    return total",loop_logic_error
"def solve_96(n):
    count = 0
    while count < n:
        print(count)
    return count",loop_logic_error
"def solve_97(values):
    result = []
    for index in range(1, len(values)):
        result.append(values[index])
    return result",loop_logic_error
"def solve_98(numbers):
    total = 0
    for number in numbers:
        total = number
    return total",loop_logic_error
"def solve_99(limit):
    items = []
    for value in range(limit + 1):
        items.append(value)
    return items",loop_logic_error
"def solve_100(values):
    total = 0
    for index in range(len(values) - 1):
        total += values[index]
    return total",loop_logic_error
"def solve_101(n):
    count = 0
    while count < n:
        print(count)
    return count",loop_logic_error
"def solve_102(values):
    result = []
    for index in range(1, len(values)):
        result.append(values[index])
    return result",loop_logic_error
"def solve_103(numbers):
    total = 0
    for number in numbers:
        total = number
    return total",loop_logic_error
"def solve_104(limit):
    items = []
    for value in range(limit + 1):
        items.append(value)
    return items",loop_logic_error
"def solve_105(values):
    total = 0
    for index in range(len(values) - 1):
        total += values[index]
    return total",loop_logic_error
"def solve_106(n):
    count = 0
    while count < n:
        print(count)
    return count",loop_logic_error
"def solve_107(values):
    result = []
    for index in range(1, len(values)):
        result.append(values[index])
    return result",loop_logic_error
"def solve_108(numbers):
    total = 0
    for number in numbers:
        total = number
    return total",loop_logic_error
"def solve_109(limit):
    items = []
    for value in range(limit + 1):
        items.append(value)
    return items",loop_logic_error
"def solve_110(values):
    total = 0
    for index in range(len(values) - 1):
        total += values[index]
    return total",loop_logic_error
"def solve_111(n):
    count = 0
    while count < n:
        print(count)
    return count",loop_logic_error
"def solve_112(values):
    result = []
    for index in range(1, len(values)):
        result.append(values[index])
    return result",loop_logic_error
"def solve_113(numbers):
    total = 0
    for number in numbers:
        total = number
    return total",loop_logic_error
"def solve_114(limit):
    items = []
    for value in range(limit + 1):
        items.append(value)
    return items",loop_logic_error
"def solve_115(values):
    total = 0
    for index in range(len(values) - 1):
        total += values[index]
    return total",loop_logic_error
"def solve_116(n):
    count = 0
    while count < n:
        print(count)
    return count",loop_logic_error
"def solve_117(values):
    result = []
    for index in range(1, len(values)):
        result.append(values[index])
    return result",loop_logic_error
"def solve_118(numbers):
    total = 0
    for number in numbers:
        total = number
    return total",loop_logic_error
"def solve_119(limit):
    items = []
    for value in range(limit + 1):
        items.append(value)
    return items",loop_logic_error
"def solve_120(values):
    total = 0
    for index in range(len(values) - 1):
        total += values[index]
    return total",loop_logic_error
"def solve_121(n):
    count = 0
    while count < n:
        print(count)
    return count",loop_logic_error
"def solve_122(values):
    result = []
    for index in range(1, len(values)):
        result.append(values[index])
    return result",loop_logic_error
"def solve_123(numbers):
    total = 0
    for number in numbers:
        total = number
    return total",loop_logic_error
"def solve_124(limit):
    items = []
    for value in range(limit + 1):
        items.append(value)
    return items",loop_logic_error
"def solve_0(score):
    if score < 50:
        return 'pass'
    return 'fail'",conditional_logic_error
"def solve_1(number):
    if number % 2 == 1:
        return 'even'
    return 'odd'",conditional_logic_error
"def solve_2(age):
    if age <= 18:
        return 'adult'
    return 'minor'",conditional_logic_error
"def solve_3(values):
    if len(values) == 0:
        return values[0]
    return None",conditional_logic_error
"def solve_4(x, y):
    if x > 0 or y > 0:
        return 'both positive'
    return 'not both positive'",conditional_logic_error
"def solve_5(score):
    if score < 50:
        return 'pass'
    return 'fail'",conditional_logic_error
"def solve_6(number):
    if number % 2 == 1:
        return 'even'
    return 'odd'",conditional_logic_error
"def solve_7(age):
    if age <= 18:
        return 'adult'
    return 'minor'",conditional_logic_error
"def solve_8(values):
    if len(values) == 0:
        return values[0]
    return None",conditional_logic_error
"def solve_9(x, y):
    if x > 0 or y > 0:
        return 'both positive'
    return 'not both positive'",conditional_logic_error
"def solve_10(score):
    if score < 50:
        return 'pass'
    return 'fail'",conditional_logic_error
"def solve_11(number):
    if number % 2 == 1:
        return 'even'
    return 'odd'",conditional_logic_error
"def solve_12(age):
    if age <= 18:
        return 'adult'
    return 'minor'",conditional_logic_error
"def solve_13(values):
    if len(values) == 0:
        return values[0]
    return None",conditional_logic_error
"def solve_14(x, y):
    if x > 0 or y > 0:
        return 'both positive'
    return 'not both positive'",conditional_logic_error
"def solve_15(score):
    if score < 50:
        return 'pass'
    return 'fail'",conditional_logic_error
"def solve_16(number):
    if number % 2 == 1:
        return 'even'
    return 'odd'",conditional_logic_error
"def solve_17(age):
    if age <= 18:
        return 'adult'
    return 'minor'",conditional_logic_error
"def solve_18(values):
    if len(values) == 0:
        return values[0]
    return None",conditional_logic_error
"def solve_19(x, y):
    if x > 0 or y > 0:
        return 'both positive'
    return 'not both positive'",conditional_logic_error
"def solve_20(score):
    if score < 50:
        return 'pass'
    return 'fail'",conditional_logic_error
"def solve_21(number):
    if number % 2 == 1:
        return 'even'
    return 'odd'",conditional_logic_error
"def solve_22(age):
    if age <= 18:
        return 'adult'
    return 'minor'",conditional_logic_error
"def solve_23(values):
    if len(values) == 0:
        return values[0]
    return None",conditional_logic_error
"def solve_24(x, y):
    if x > 0 or y > 0:
        return 'both positive'
    return 'not both positive'",conditional_logic_error
"def solve_25(score):
    if score < 50:
        return 'pass'
    return 'fail'",conditional_logic_error
"def solve_26(number):
    if number % 2 == 1:
        return 'even'
    return 'odd'",conditional_logic_error
"def solve_27(age):
    if age <= 18:
        return 'adult'
    return 'minor'",conditional_logic_error
"def solve_28(values):
    if len(values) == 0:
        return values[0]
    return None",conditional_logic_error
"def solve_29(x, y):
    if x > 0 or y > 0:
        return 'both positive'
    return 'not both positive'",conditional_logic_error
"def solve_30(score):
    if score < 50:
        return 'pass'
    return 'fail'",conditional_logic_error
"def solve_31(number):
    if number % 2 == 1:
        return 'even'
    return 'odd'",conditional_logic_error
"def solve_32(age):
    if age <= 18:
        return 'adult'
    return 'minor'",conditional_logic_error
"def solve_33(values):
    if len(values) == 0:
        return values[0]
    return None",conditional_logic_error
"def solve_34(x, y):
    if x > 0 or y > 0:
        return 'both positive'
    return 'not both positive'",conditional_logic_error
"def solve_35(score):
    if score < 50:
        return 'pass'
    return 'fail'",conditional_logic_error
"def solve_36(number):
    if number % 2 == 1:
        return 'even'
    return 'odd'",conditional_logic_error
"def solve_37(age):
    if age <= 18:
        return 'adult'
    return 'minor'",conditional_logic_error
"def solve_38(values):
    if len(values) == 0:
        return values[0]
    return None",conditional_logic_error
"def solve_39(x, y):
    if x > 0 or y > 0:
        return 'both positive'
    return 'not both positive'",conditional_logic_error
"def solve_40(score):
    if score < 50:
        return 'pass'
    return 'fail'",conditional_logic_error
"def solve_41(number):
    if number % 2 == 1:
        return 'even'
    return 'odd'",conditional_logic_error
"def solve_42(age):
    if age <= 18:
        return 'adult'
    return 'minor'",conditional_logic_error
"def solve_43(values):
    if len(values) == 0:
        return values[0]
    return None",conditional_logic_error
"def solve_44(x, y):
    if x > 0 or y > 0:
        return 'both positive'
    return 'not both positive'",conditional_logic_error
"def solve_45(score):
    if score < 50:
        return 'pass'
    return 'fail'",conditional_logic_error
"def solve_46(number):
    if number % 2 == 1:
        return 'even'
    return 'odd'",conditional_logic_error
"def solve_47(age):
    if age <= 18:
        return 'adult'
    return 'minor'",conditional_logic_error
"def solve_48(values):
    if len(values) == 0:
        return values[0]
    return None",conditional_logic_error
"def solve_49(x, y):
    if x > 0 or y > 0:
        return 'both positive'
    return 'not both positive'",conditional_logic_error
"def solve_50(score):
    if score < 50:
        return 'pass'
    return 'fail'",conditional_logic_error
"def solve_51(number):
    if number % 2 == 1:
        return 'even'
    return 'odd'",conditional_logic_error
"def solve_52(age):
    if age <= 18:
        return 'adult'
    return 'minor'",conditional_logic_error
"def solve_53(values):
    if len(values) == 0:
        return values[0]
    return None",conditional_logic_error
"def solve_54(x, y):
    if x > 0 or y > 0:
        return 'both positive'
    return 'not both positive'",conditional_logic_error
"def solve_55(score):
    if score < 50:
        return 'pass'
    return 'fail'",conditional_logic_error
"def solve_56(number):
    if number % 2 == 1:
        return 'even'
    return 'odd'",conditional_logic_error
"def solve_57(age):
    if age <= 18:
        return 'adult'
    return 'minor'",conditional_logic_error
"def solve_58(values):
    if len(values) == 0:
        return values[0]
    return None",conditional_logic_error
"def solve_59(x, y):
    if x > 0 or y > 0:
        return 'both positive'
    return 'not both positive'",conditional_logic_error
"def solve_60(score):
    if score < 50:
        return 'pass'
    return 'fail'",conditional_logic_error
"def solve_61(number):
    if number % 2 == 1:
        return 'even'
    return 'odd'",conditional_logic_error
"def solve_62(age):
    if age <= 18:
        return 'adult'
    return 'minor'",conditional_logic_error
"def solve_63(values):
    if len(values) == 0:
        return values[0]
    return None",conditional_logic_error
"def solve_64(x, y):
    if x > 0 or y > 0:
        return 'both positive'
    return 'not both positive'",conditional_logic_error
"def solve_65(score):
    if score < 50:
        return 'pass'
    return 'fail'",conditional_logic_error
"def solve_66(number):
    if number % 2 == 1:
        return 'even'
    return 'odd'",conditional_logic_error
"def solve_67(age):
    if age <= 18:
        return 'adult'
    return 'minor'",conditional_logic_error
"def solve_68(values):
    if len(values) == 0:
        return values[0]
    return None",conditional_logic_error
"def solve_69(x, y):
    if x > 0 or y > 0:
        return 'both positive'
    return 'not both positive'",conditional_logic_error
"def solve_70(score):
    if score < 50:
        return 'pass'
    return 'fail'",conditional_logic_error
"def solve_71(number):
    if number % 2 == 1:
        return 'even'
    return 'odd'",conditional_logic_error
"def solve_72(age):
    if age <= 18:
        return 'adult'
    return 'minor'",conditional_logic_error
"def solve_73(values):
    if len(values) == 0:
        return values[0]
    return None",conditional_logic_error
"def solve_74(x, y):
    if x > 0 or y > 0:
        return 'both positive'
    return 'not both positive'",conditional_logic_error
"def solve_75(score):
    if score < 50:
        return 'pass'
    return 'fail'",conditional_logic_error
"def solve_76(number):
    if number % 2 == 1:
        return 'even'
    return 'odd'",conditional_logic_error
"def solve_77(age):
    if age <= 18:
        return 'adult'
    return 'minor'",conditional_logic_error
"def solve_78(values):
    if len(values) == 0:
        return values[0]
    return None",conditional_logic_error
"def solve_79(x, y):
    if x > 0 or y > 0:
        return 'both positive'
    return 'not both positive'",conditional_logic_error
"def solve_80(score):
    if score < 50:
        return 'pass'
    return 'fail'",conditional_logic_error
"def solve_81(number):
    if number % 2 == 1:
        return 'even'
    return 'odd'",conditional_logic_error
"def solve_82(age):
    if age <= 18:
        return 'adult'
    return 'minor'",conditional_logic_error
"def solve_83(values):
    if len(values) == 0:
        return values[0]
    return None",conditional_logic_error
"def solve_84(x, y):
    if x > 0 or y > 0:
        return 'both positive'
    return 'not both positive'",conditional_logic_error
"def solve_85(score):
    if score < 50:
        return 'pass'
    return 'fail'",conditional_logic_error
"def solve_86(number):
    if number % 2 == 1:
        return 'even'
    return 'odd'",conditional_logic_error
"def solve_87(age):
    if age <= 18:
        return 'adult'
    return 'minor'",conditional_logic_error
"def solve_88(values):
    if len(values) == 0:
        return values[0]
    return None",conditional_logic_error
"def solve_89(x, y):
    if x > 0 or y > 0:
        return 'both positive'
    return 'not both positive'",conditional_logic_error
"def solve_90(score):
    if score < 50:
        return 'pass'
    return 'fail'",conditional_logic_error
"def solve_91(number):
    if number % 2 == 1:
        return 'even'
    return 'odd'",conditional_logic_error
"def solve_92(age):
    if age <= 18:
        return 'adult'
    return 'minor'",conditional_logic_error
"def solve_93(values):
    if len(values) == 0:
        return values[0]
    return None",conditional_logic_error
"def solve_94(x, y):
    if x > 0 or y > 0:
        return 'both positive'
    return 'not both positive'",conditional_logic_error
"def solve_95(score):
    if score < 50:
        return 'pass'
    return 'fail'",conditional_logic_error
"def solve_96(number):
    if number % 2 == 1:
        return 'even'
    return 'odd'",conditional_logic_error
"def solve_97(age):
    if age <= 18:
        return 'adult'
    return 'minor'",conditional_logic_error
"def solve_98(values):
    if len(values) == 0:
        return values[0]
    return None",conditional_logic_error
"def solve_99(x, y):
    if x > 0 or y > 0:
        return 'both positive'
    return 'not both positive'",conditional_logic_error
"def solve_100(score):
    if score < 50:
        return 'pass'
    return 'fail'",conditional_logic_error
"def solve_101(number):
    if number % 2 == 1:
        return 'even'
    return 'odd'",conditional_logic_error
"def solve_102(age):
    if age <= 18:
        return 'adult'
    return 'minor'",conditional_logic_error
"def solve_103(values):
    if len(values) == 0:
        return values[0]
    return None",conditional_logic_error
"def solve_104(x, y):
    if x > 0 or y > 0:
        return 'both positive'
    return 'not both positive'",conditional_logic_error
"def solve_105(score):
    if score < 50:
        return 'pass'
    return 'fail'",conditional_logic_error
"def solve_106(number):
    if number % 2 == 1:
        return 'even'
    return 'odd'",conditional_logic_error
"def solve_107(age):
    if age <= 18:
        return 'adult'
    return 'minor'",conditional_logic_error
"def solve_108(values):
    if len(values) == 0:
        return values[0]
    return None",conditional_logic_error
"def solve_109(x, y):
    if x > 0 or y > 0:
        return 'both positive'
    return 'not both positive'",conditional_logic_error
"def solve_110(score):
    if score < 50:
        return 'pass'
    return 'fail'",conditional_logic_error
"def solve_111(number):
    if number % 2 == 1:
        return 'even'
    return 'odd'",conditional_logic_error
"def solve_112(age):
    if age <= 18:
        return 'adult'
    return 'minor'",conditional_logic_error
"def solve_113(values):
    if len(values) == 0:
        return values[0]
    return None",conditional_logic_error
"def solve_114(x, y):
    if x > 0 or y > 0:
        return 'both positive'
    return 'not both positive'",conditional_logic_error
"def solve_115(score):
    if score < 50:
        return 'pass'
    return 'fail'",conditional_logic_error
"def solve_116(number):
    if number % 2 == 1:
        return 'even'
    return 'odd'",conditional_logic_error
"def solve_117(age):
    if age <= 18:
        return 'adult'
    return 'minor'",conditional_logic_error
"def solve_118(values):
    if len(values) == 0:
        return values[0]
    return None",conditional_logic_error
"def solve_119(x, y):
    if x > 0 or y > 0:
        return 'both positive'
    return 'not both positive'",conditional_logic_error
"def solve_120(score):
    if score < 50:
        return 'pass'
    return 'fail'",conditional_logic_error
"def solve_121(number):
    if number % 2 == 1:
        return 'even'
    return 'odd'",conditional_logic_error
"def solve_122(age):
    if age <= 18:
        return 'adult'
    return 'minor'",conditional_logic_error
"def solve_123(values):
    if len(values) == 0:
        return values[0]
    return None",conditional_logic_error
"def solve_124(x, y):
    if x > 0 or y > 0:
        return 'both positive'
    return 'not both positive'",conditional_logic_error
"def solve_0():
    return value + 1",function_definition_error
"def solve_1(x, y):
    result = x + y",function_definition_error
"def solve_2(values):
    print(sum(values))",function_definition_error
"def solve_3(x):
    return helper(x)

def helper(x, y):
    return x + y",function_definition_error
"def solve_4(items, target):
    return items.index(target)

answer = solve_4([1, 2, 3])",function_definition_error
"def solve_5():
    return value + 1",function_definition_error
"def solve_6(x, y):
    result = x + y",function_definition_error
"def solve_7(values):
    print(sum(values))",function_definition_error
"def solve_8(x):
    return helper(x)

def helper(x, y):
    return x + y",function_definition_error
"def solve_9(items, target):
    return items.index(target)

answer = solve_9([1, 2, 3])",function_definition_error
"def solve_10():
    return value + 1",function_definition_error
"def solve_11(x, y):
    result = x + y",function_definition_error
"def solve_12(values):
    print(sum(values))",function_definition_error
"def solve_13(x):
    return helper(x)

def helper(x, y):
    return x + y",function_definition_error
"def solve_14(items, target):
    return items.index(target)

answer = solve_14([1, 2, 3])",function_definition_error
"def solve_15():
    return value + 1",function_definition_error
"def solve_16(x, y):
    result = x + y",function_definition_error
"def solve_17(values):
    print(sum(values))",function_definition_error
"def solve_18(x):
    return helper(x)

def helper(x, y):
    return x + y",function_definition_error
"def solve_19(items, target):
    return items.index(target)

answer = solve_19([1, 2, 3])",function_definition_error
"def solve_20():
    return value + 1",function_definition_error
"def solve_21(x, y):
    result = x + y",function_definition_error
"def solve_22(values):
    print(sum(values))",function_definition_error
"def solve_23(x):
    return helper(x)

def helper(x, y):
    return x + y",function_definition_error
"def solve_24(items, target):
    return items.index(target)

answer = solve_24([1, 2, 3])",function_definition_error
"def solve_25():
    return value + 1",function_definition_error
"def solve_26(x, y):
    result = x + y",function_definition_error
"def solve_27(values):
    print(sum(values))",function_definition_error
"def solve_28(x):
    return helper(x)

def helper(x, y):
    return x + y",function_definition_error
"def solve_29(items, target):
    return items.index(target)

answer = solve_29([1, 2, 3])",function_definition_error
"def solve_30():
    return value + 1",function_definition_error
"def solve_31(x, y):
    result = x + y",function_definition_error
"def solve_32(values):
    print(sum(values))",function_definition_error
"def solve_33(x):
    return helper(x)

def helper(x, y):
    return x + y",function_definition_error
"def solve_34(items, target):
    return items.index(target)

answer = solve_34([1, 2, 3])",function_definition_error
"def solve_35():
    return value + 1",function_definition_error
"def solve_36(x, y):
    result = x + y",function_definition_error
"def solve_37(values):
    print(sum(values))",function_definition_error
"def solve_38(x):
    return helper(x)

def helper(x, y):
    return x + y",function_definition_error
"def solve_39(items, target):
    return items.index(target)

answer = solve_39([1, 2, 3])",function_definition_error
"def solve_40():
    return value + 1",function_definition_error
"def solve_41(x, y):
    result = x + y",function_definition_error
"def solve_42(values):
    print(sum(values))",function_definition_error
"def solve_43(x):
    return helper(x)

def helper(x, y):
    return x + y",function_definition_error
"def solve_44(items, target):
    return items.index(target)

answer = solve_44([1, 2, 3])",function_definition_error
"def solve_45():
    return value + 1",function_definition_error
"def solve_46(x, y):
    result = x + y",function_definition_error
"def solve_47(values):
    print(sum(values))",function_definition_error
"def solve_48(x):
    return helper(x)

def helper(x, y):
    return x + y",function_definition_error
"def solve_49(items, target):
    return items.index(target)

answer = solve_49([1, 2, 3])",function_definition_error
"def solve_50():
    return value + 1",function_definition_error
"def solve_51(x, y):
    result = x + y",function_definition_error
"def solve_52(values):
    print(sum(values))",function_definition_error
"def solve_53(x):
    return helper(x)

def helper(x, y):
    return x + y",function_definition_error
"def solve_54(items, target):
    return items.index(target)

answer = solve_54([1, 2, 3])",function_definition_error
"def solve_55():
    return value + 1",function_definition_error
"def solve_56(x, y):
    result = x + y",function_definition_error
"def solve_57(values):
    print(sum(values))",function_definition_error
"def solve_58(x):
    return helper(x)

def helper(x, y):
    return x + y",function_definition_error
"def solve_59(items, target):
    return items.index(target)

answer = solve_59([1, 2, 3])",function_definition_error
"def solve_60():
    return value + 1",function_definition_error
"def solve_61(x, y):
    result = x + y",function_definition_error
"def solve_62(values):
    print(sum(values))",function_definition_error
"def solve_63(x):
    return helper(x)

def helper(x, y):
    return x + y",function_definition_error
"def solve_64(items, target):
    return items.index(target)

answer = solve_64([1, 2, 3])",function_definition_error
"def solve_65():
    return value + 1",function_definition_error
"def solve_66(x, y):
    result = x + y",function_definition_error
"def solve_67(values):
    print(sum(values))",function_definition_error
"def solve_68(x):
    return helper(x)

def helper(x, y):
    return x + y",function_definition_error
"def solve_69(items, target):
    return items.index(target)

answer = solve_69([1, 2, 3])",function_definition_error
"def solve_70():
    return value + 1",function_definition_error
"def solve_71(x, y):
    result = x + y",function_definition_error
"def solve_72(values):
    print(sum(values))",function_definition_error
"def solve_73(x):
    return helper(x)

def helper(x, y):
    return x + y",function_definition_error
"def solve_74(items, target):
    return items.index(target)

answer = solve_74([1, 2, 3])",function_definition_error
"def solve_75():
    return value + 1",function_definition_error
"def solve_76(x, y):
    result = x + y",function_definition_error
"def solve_77(values):
    print(sum(values))",function_definition_error
"def solve_78(x):
    return helper(x)

def helper(x, y):
    return x + y",function_definition_error
"def solve_79(items, target):
    return items.index(target)

answer = solve_79([1, 2, 3])",function_definition_error
"def solve_80():
    return value + 1",function_definition_error
"def solve_81(x, y):
    result = x + y",function_definition_error
"def solve_82(values):
    print(sum(values))",function_definition_error
"def solve_83(x):
    return helper(x)

def helper(x, y):
    return x + y",function_definition_error
"def solve_84(items, target):
    return items.index(target)

answer = solve_84([1, 2, 3])",function_definition_error
"def solve_85():
    return value + 1",function_definition_error
"def solve_86(x, y):
    result = x + y",function_definition_error
"def solve_87(values):
    print(sum(values))",function_definition_error
"def solve_88(x):
    return helper(x)

def helper(x, y):
    return x + y",function_definition_error
"def solve_89(items, target):
    return items.index(target)

answer = solve_89([1, 2, 3])",function_definition_error
"def solve_90():
    return value + 1",function_definition_error
"def solve_91(x, y):
    result = x + y",function_definition_error
"def solve_92(values):
    print(sum(values))",function_definition_error
"def solve_93(x):
    return helper(x)

def helper(x, y):
    return x + y",function_definition_error
"def solve_94(items, target):
    return items.index(target)

answer = solve_94([1, 2, 3])",function_definition_error
"def solve_95():
    return value + 1",function_definition_error
"def solve_96(x, y):
    result = x + y",function_definition_error
"def solve_97(values):
    print(sum(values))",function_definition_error
"def solve_98(x):
    return helper(x)

def helper(x, y):
    return x + y",function_definition_error
"def solve_99(items, target):
    return items.index(target)

answer = solve_99([1, 2, 3])",function_definition_error
"def solve_100():
    return value + 1",function_definition_error
"def solve_101(x, y):
    result = x + y",function_definition_error
"def solve_102(values):
    print(sum(values))",function_definition_error
"def solve_103(x):
    return helper(x)

def helper(x, y):
    return x + y",function_definition_error
"def solve_104(items, target):
    return items.index(target)

answer = solve_104([1, 2, 3])",function_definition_error
"def solve_105():
    return value + 1",function_definition_error
"def solve_106(x, y):
    result = x + y",function_definition_error
"def solve_107(values):
    print(sum(values))",function_definition_error
"def solve_108(x):
    return helper(x)

def helper(x, y):
    return x + y",function_definition_error
"def solve_109(items, target):
    return items.index(target)

answer = solve_109([1, 2, 3])",function_definition_error
"def solve_110():
    return value + 1",function_definition_error
"def solve_111(x, y):
    result = x + y",function_definition_error
"def solve_112(values):
    print(sum(values))",function_definition_error
"def solve_113(x):
    return helper(x)

def helper(x, y):
    return x + y",function_definition_error
"def solve_114(items, target):
    return items.index(target)

answer = solve_114([1, 2, 3])",function_definition_error
"def solve_115():
    return value + 1",function_definition_error
"def solve_116(x, y):
    result = x + y",function_definition_error
"def solve_117(values):
    print(sum(values))",function_definition_error
"def solve_118(x):
    return helper(x)

def helper(x, y):
    return x + y",function_definition_error
"def solve_119(items, target):
    return items.index(target)

answer = solve_119([1, 2, 3])",function_definition_error
"def solve_120():
    return value + 1",function_definition_error
"def solve_121(x, y):
    result = x + y",function_definition_error
"def solve_122(values):
    print(sum(values))",function_definition_error
"def solve_123(x):
    return helper(x)

def helper(x, y):
    return x + y",function_definition_error
"def solve_124(items, target):
    return items.index(target)

answer = solve_124([1, 2, 3])",function_definition_error
"def solve_0(items):
    return items['first']",data_structure_misuse
"def solve_1(scores):
    scores.add(10)
    return scores",data_structure_misuse
"def solve_2(mapping):
    return mapping[0]",data_structure_misuse
"def solve_3(items):
    seen = []
    seen['count'] = len(items)
    return seen",data_structure_misuse
"def solve_4(text):
    chars = set(text)
    return chars[0]",data_structure_misuse
"def solve_5(items):
    return items['first']",data_structure_misuse
"def solve_6(scores):
    scores.add(10)
    return scores",data_structure_misuse
"def solve_7(mapping):
    return mapping[0]",data_structure_misuse
"def solve_8(items):
    seen = []
    seen['count'] = len(items)
    return seen",data_structure_misuse
"def solve_9(text):
    chars = set(text)
    return chars[0]",data_structure_misuse
"def solve_10(items):
    return items['first']",data_structure_misuse
"def solve_11(scores):
    scores.add(10)
    return scores",data_structure_misuse
"def solve_12(mapping):
    return mapping[0]",data_structure_misuse
"def solve_13(items):
    seen = []
    seen['count'] = len(items)
    return seen",data_structure_misuse
"def solve_14(text):
    chars = set(text)
    return chars[0]",data_structure_misuse
"def solve_15(items):
    return items['first']",data_structure_misuse
"def solve_16(scores):
    scores.add(10)
    return scores",data_structure_misuse
"def solve_17(mapping):
    return mapping[0]",data_structure_misuse
"def solve_18(items):
    seen = []
    seen['count'] = len(items)
    return seen",data_structure_misuse
"def solve_19(text):
    chars = set(text)
    return chars[0]",data_structure_misuse
"def solve_20(items):
    return items['first']",data_structure_misuse
"def solve_21(scores):
    scores.add(10)
    return scores",data_structure_misuse
"def solve_22(mapping):
    return mapping[0]",data_structure_misuse
"def solve_23(items):
    seen = []
    seen['count'] = len(items)
    return seen",data_structure_misuse
"def solve_24(text):
    chars = set(text)
    return chars[0]",data_structure_misuse
"def solve_25(items):
    return items['first']",data_structure_misuse
"def solve_26(scores):
    scores.add(10)
    return scores",data_structure_misuse
"def solve_27(mapping):
    return mapping[0]",data_structure_misuse
"def solve_28(items):
    seen = []
    seen['count'] = len(items)
    return seen",data_structure_misuse
"def solve_29(text):
    chars = set(text)
    return chars[0]",data_structure_misuse
"def solve_30(items):
    return items['first']",data_structure_misuse
"def solve_31(scores):
    scores.add(10)
    return scores",data_structure_misuse
"def solve_32(mapping):
    return mapping[0]",data_structure_misuse
"def solve_33(items):
    seen = []
    seen['count'] = len(items)
    return seen",data_structure_misuse
"def solve_34(text):
    chars = set(text)
    return chars[0]",data_structure_misuse
"def solve_35(items):
    return items['first']",data_structure_misuse
"def solve_36(scores):
    scores.add(10)
    return scores",data_structure_misuse
"def solve_37(mapping):
    return mapping[0]",data_structure_misuse
"def solve_38(items):
    seen = []
    seen['count'] = len(items)
    return seen",data_structure_misuse
"def solve_39(text):
    chars = set(text)
    return chars[0]",data_structure_misuse
"def solve_40(items):
    return items['first']",data_structure_misuse
"def solve_41(scores):
    scores.add(10)
    return scores",data_structure_misuse
"def solve_42(mapping):
    return mapping[0]",data_structure_misuse
"def solve_43(items):
    seen = []
    seen['count'] = len(items)
    return seen",data_structure_misuse
"def solve_44(text):
    chars = set(text)
    return chars[0]",data_structure_misuse
"def solve_45(items):
    return items['first']",data_structure_misuse
"def solve_46(scores):
    scores.add(10)
    return scores",data_structure_misuse
"def solve_47(mapping):
    return mapping[0]",data_structure_misuse
"def solve_48(items):
    seen = []
    seen['count'] = len(items)
    return seen",data_structure_misuse
"def solve_49(text):
    chars = set(text)
    return chars[0]",data_structure_misuse
"def solve_50(items):
    return items['first']",data_structure_misuse
"def solve_51(scores):
    scores.add(10)
    return scores",data_structure_misuse
"def solve_52(mapping):
    return mapping[0]",data_structure_misuse
"def solve_53(items):
    seen = []
    seen['count'] = len(items)
    return seen",data_structure_misuse
"def solve_54(text):
    chars = set(text)
    return chars[0]",data_structure_misuse
"def solve_55(items):
    return items['first']",data_structure_misuse
"def solve_56(scores):
    scores.add(10)
    return scores",data_structure_misuse
"def solve_57(mapping):
    return mapping[0]",data_structure_misuse
"def solve_58(items):
    seen = []
    seen['count'] = len(items)
    return seen",data_structure_misuse
"def solve_59(text):
    chars = set(text)
    return chars[0]",data_structure_misuse
"def solve_60(items):
    return items['first']",data_structure_misuse
"def solve_61(scores):
    scores.add(10)
    return scores",data_structure_misuse
"def solve_62(mapping):
    return mapping[0]",data_structure_misuse
"def solve_63(items):
    seen = []
    seen['count'] = len(items)
    return seen",data_structure_misuse
"def solve_64(text):
    chars = set(text)
    return chars[0]",data_structure_misuse
"def solve_65(items):
    return items['first']",data_structure_misuse
"def solve_66(scores):
    scores.add(10)
    return scores",data_structure_misuse
"def solve_67(mapping):
    return mapping[0]",data_structure_misuse
"def solve_68(items):
    seen = []
    seen['count'] = len(items)
    return seen",data_structure_misuse
"def solve_69(text):
    chars = set(text)
    return chars[0]",data_structure_misuse
"def solve_70(items):
    return items['first']",data_structure_misuse
"def solve_71(scores):
    scores.add(10)
    return scores",data_structure_misuse
"def solve_72(mapping):
    return mapping[0]",data_structure_misuse
"def solve_73(items):
    seen = []
    seen['count'] = len(items)
    return seen",data_structure_misuse
"def solve_74(text):
    chars = set(text)
    return chars[0]",data_structure_misuse
"def solve_75(items):
    return items['first']",data_structure_misuse
"def solve_76(scores):
    scores.add(10)
    return scores",data_structure_misuse
"def solve_77(mapping):
    return mapping[0]",data_structure_misuse
"def solve_78(items):
    seen = []
    seen['count'] = len(items)
    return seen",data_structure_misuse
"def solve_79(text):
    chars = set(text)
    return chars[0]",data_structure_misuse
"def solve_80(items):
    return items['first']",data_structure_misuse
"def solve_81(scores):
    scores.add(10)
    return scores",data_structure_misuse
"def solve_82(mapping):
    return mapping[0]",data_structure_misuse
"def solve_83(items):
    seen = []
    seen['count'] = len(items)
    return seen",data_structure_misuse
"def solve_84(text):
    chars = set(text)
    return chars[0]",data_structure_misuse
"def solve_85(items):
    return items['first']",data_structure_misuse
"def solve_86(scores):
    scores.add(10)
    return scores",data_structure_misuse
"def solve_87(mapping):
    return mapping[0]",data_structure_misuse
"def solve_88(items):
    seen = []
    seen['count'] = len(items)
    return seen",data_structure_misuse
"def solve_89(text):
    chars = set(text)
    return chars[0]",data_structure_misuse
"def solve_90(items):
    return items['first']",data_structure_misuse
"def solve_91(scores):
    scores.add(10)
    return scores",data_structure_misuse
"def solve_92(mapping):
    return mapping[0]",data_structure_misuse
"def solve_93(items):
    seen = []
    seen['count'] = len(items)
    return seen",data_structure_misuse
"def solve_94(text):
    chars = set(text)
    return chars[0]",data_structure_misuse
"def solve_95(items):
    return items['first']",data_structure_misuse
"def solve_96(scores):
    scores.add(10)
    return scores",data_structure_misuse
"def solve_97(mapping):
    return mapping[0]",data_structure_misuse
"def solve_98(items):
    seen = []
    seen['count'] = len(items)
    return seen",data_structure_misuse
"def solve_99(text):
    chars = set(text)
    return chars[0]",data_structure_misuse
"def solve_100(items):
    return items['first']",data_structure_misuse
"def solve_101(scores):
    scores.add(10)
    return scores",data_structure_misuse
"def solve_102(mapping):
    return mapping[0]",data_structure_misuse
"def solve_103(items):
    seen = []
    seen['count'] = len(items)
    return seen",data_structure_misuse
"def solve_104(text):
    chars = set(text)
    return chars[0]",data_structure_misuse
"def solve_105(items):
    return items['first']",data_structure_misuse
"def solve_106(scores):
    scores.add(10)
    return scores",data_structure_misuse
"def solve_107(mapping):
    return mapping[0]",data_structure_misuse
"def solve_108(items):
    seen = []
    seen['count'] = len(items)
    return seen",data_structure_misuse
"def solve_109(text):
    chars = set(text)
    return chars[0]",data_structure_misuse
"def solve_110(items):
    return items['first']",data_structure_misuse
"def solve_111(scores):
    scores.add(10)
    return scores",data_structure_misuse
"def solve_112(mapping):
    return mapping[0]",data_structure_misuse
"def solve_113(items):
    seen = []
    seen['count'] = len(items)
    return seen",data_structure_misuse
"def solve_114(text):
    chars = set(text)
    return chars[0]",data_structure_misuse
"def solve_115(items):
    return items['first']",data_structure_misuse
"def solve_116(scores):
    scores.add(10)
    return scores",data_structure_misuse
"def solve_117(mapping):
    return mapping[0]",data_structure_misuse
"def solve_118(items):
    seen = []
    seen['count'] = len(items)
    return seen",data_structure_misuse
"def solve_119(text):
    chars = set(text)
    return chars[0]",data_structure_misuse
"def solve_120(items):
    return items['first']",data_structure_misuse
"def solve_121(scores):
    scores.add(10)
    return scores",data_structure_misuse
"def solve_122(mapping):
    return mapping[0]",data_structure_misuse
"def solve_123(items):
    seen = []
    seen['count'] = len(items)
    return seen",data_structure_misuse
"def solve_124(text):
    chars = set(text)
    return chars[0]",data_structure_misuse
"def solve_0(values):
    unique = []
    for value in values:
        if values.count(value) == 1:
            unique.append(value)
    return unique",algorithmic_inefficiency
"def solve_1(numbers):
    result = []
    for number in numbers:
        if number in sorted(numbers):
            result.append(number)
    return result",algorithmic_inefficiency
"def solve_2(items):
    pairs = []
    for left in items:
        for right in items:
            if left == right:
                pairs.append(left)
    return pairs",algorithmic_inefficiency
"def solve_3(n):
    values = []
    for number in range(n):
        values = values + [number]
    return values",algorithmic_inefficiency
"def solve_4(text):
    result = ''
    for char in text:
        result = result + char
    return result",algorithmic_inefficiency
"def solve_5(values):
    unique = []
    for value in values:
        if values.count(value) == 1:
            unique.append(value)
    return unique",algorithmic_inefficiency
"def solve_6(numbers):
    result = []
    for number in numbers:
        if number in sorted(numbers):
            result.append(number)
    return result",algorithmic_inefficiency
"def solve_7(items):
    pairs = []
    for left in items:
        for right in items:
            if left == right:
                pairs.append(left)
    return pairs",algorithmic_inefficiency
"def solve_8(n):
    values = []
    for number in range(n):
        values = values + [number]
    return values",algorithmic_inefficiency
"def solve_9(text):
    result = ''
    for char in text:
        result = result + char
    return result",algorithmic_inefficiency
"def solve_10(values):
    unique = []
    for value in values:
        if values.count(value) == 1:
            unique.append(value)
    return unique",algorithmic_inefficiency
"def solve_11(numbers):
    result = []
    for number in numbers:
        if number in sorted(numbers):
            result.append(number)
    return result",algorithmic_inefficiency
"def solve_12(items):
    pairs = []
    for left in items:
        for right in items:
            if left == right:
                pairs.append(left)
    return pairs",algorithmic_inefficiency
"def solve_13(n):
    values = []
    for number in range(n):
        values = values + [number]
    return values",algorithmic_inefficiency
"def solve_14(text):
    result = ''
    for char in text:
        result = result + char
    return result",algorithmic_inefficiency
"def solve_15(values):
    unique = []
    for value in values:
        if values.count(value) == 1:
            unique.append(value)
    return unique",algorithmic_inefficiency
"def solve_16(numbers):
    result = []
    for number in numbers:
        if number in sorted(numbers):
            result.append(number)
    return result",algorithmic_inefficiency
"def solve_17(items):
    pairs = []
    for left in items:
        for right in items:
            if left == right:
                pairs.append(left)
    return pairs",algorithmic_inefficiency
"def solve_18(n):
    values = []
    for number in range(n):
        values = values + [number]
    return values",algorithmic_inefficiency
"def solve_19(text):
    result = ''
    for char in text:
        result = result + char
    return result",algorithmic_inefficiency
"def solve_20(values):
    unique = []
    for value in values:
        if values.count(value) == 1:
            unique.append(value)
    return unique",algorithmic_inefficiency
"def solve_21(numbers):
    result = []
    for number in numbers:
        if number in sorted(numbers):
            result.append(number)
    return result",algorithmic_inefficiency
"def solve_22(items):
    pairs = []
    for left in items:
        for right in items:
            if left == right:
                pairs.append(left)
    return pairs",algorithmic_inefficiency
"def solve_23(n):
    values = []
    for number in range(n):
        values = values + [number]
    return values",algorithmic_inefficiency
"def solve_24(text):
    result = ''
    for char in text:
        result = result + char
    return result",algorithmic_inefficiency
"def solve_25(values):
    unique = []
    for value in values:
        if values.count(value) == 1:
            unique.append(value)
    return unique",algorithmic_inefficiency
"def solve_26(numbers):
    result = []
    for number in numbers:
        if number in sorted(numbers):
            result.append(number)
    return result",algorithmic_inefficiency
"def solve_27(items):
    pairs = []
    for left in items:
        for right in items:
            if left == right:
                pairs.append(left)
    return pairs",algorithmic_inefficiency
"def solve_28(n):
    values = []
    for number in range(n):
        values = values + [number]
    return values",algorithmic_inefficiency
"def solve_29(text):
    result = ''
    for char in text:
        result = result + char
    return result",algorithmic_inefficiency
"def solve_30(values):
    unique = []
    for value in values:
        if values.count(value) == 1:
            unique.append(value)
    return unique",algorithmic_inefficiency
"def solve_31(numbers):
    result = []
    for number in numbers:
        if number in sorted(numbers):
            result.append(number)
    return result",algorithmic_inefficiency
"def solve_32(items):
    pairs = []
    for left in items:
        for right in items:
            if left == right:
                pairs.append(left)
    return pairs",algorithmic_inefficiency
"def solve_33(n):
    values = []
    for number in range(n):
        values = values + [number]
    return values",algorithmic_inefficiency
"def solve_34(text):
    result = ''
    for char in text:
        result = result + char
    return result",algorithmic_inefficiency
"def solve_35(values):
    unique = []
    for value in values:
        if values.count(value) == 1:
            unique.append(value)
    return unique",algorithmic_inefficiency
"def solve_36(numbers):
    result = []
    for number in numbers:
        if number in sorted(numbers):
            result.append(number)
    return result",algorithmic_inefficiency
"def solve_37(items):
    pairs = []
    for left in items:
        for right in items:
            if left == right:
                pairs.append(left)
    return pairs",algorithmic_inefficiency
"def solve_38(n):
    values = []
    for number in range(n):
        values = values + [number]
    return values",algorithmic_inefficiency
"def solve_39(text):
    result = ''
    for char in text:
        result = result + char
    return result",algorithmic_inefficiency
"def solve_40(values):
    unique = []
    for value in values:
        if values.count(value) == 1:
            unique.append(value)
    return unique",algorithmic_inefficiency
"def solve_41(numbers):
    result = []
    for number in numbers:
        if number in sorted(numbers):
            result.append(number)
    return result",algorithmic_inefficiency
"def solve_42(items):
    pairs = []
    for left in items:
        for right in items:
            if left == right:
                pairs.append(left)
    return pairs",algorithmic_inefficiency
"def solve_43(n):
    values = []
    for number in range(n):
        values = values + [number]
    return values",algorithmic_inefficiency
"def solve_44(text):
    result = ''
    for char in text:
        result = result + char
    return result",algorithmic_inefficiency
"def solve_45(values):
    unique = []
    for value in values:
        if values.count(value) == 1:
            unique.append(value)
    return unique",algorithmic_inefficiency
"def solve_46(numbers):
    result = []
    for number in numbers:
        if number in sorted(numbers):
            result.append(number)
    return result",algorithmic_inefficiency
"def solve_47(items):
    pairs = []
    for left in items:
        for right in items:
            if left == right:
                pairs.append(left)
    return pairs",algorithmic_inefficiency
"def solve_48(n):
    values = []
    for number in range(n):
        values = values + [number]
    return values",algorithmic_inefficiency
"def solve_49(text):
    result = ''
    for char in text:
        result = result + char
    return result",algorithmic_inefficiency
"def solve_50(values):
    unique = []
    for value in values:
        if values.count(value) == 1:
            unique.append(value)
    return unique",algorithmic_inefficiency
"def solve_51(numbers):
    result = []
    for number in numbers:
        if number in sorted(numbers):
            result.append(number)
    return result",algorithmic_inefficiency
"def solve_52(items):
    pairs = []
    for left in items:
        for right in items:
            if left == right:
                pairs.append(left)
    return pairs",algorithmic_inefficiency
"def solve_53(n):
    values = []
    for number in range(n):
        values = values + [number]
    return values",algorithmic_inefficiency
"def solve_54(text):
    result = ''
    for char in text:
        result = result + char
    return result",algorithmic_inefficiency
"def solve_55(values):
    unique = []
    for value in values:
        if values.count(value) == 1:
            unique.append(value)
    return unique",algorithmic_inefficiency
"def solve_56(numbers):
    result = []
    for number in numbers:
        if number in sorted(numbers):
            result.append(number)
    return result",algorithmic_inefficiency
"def solve_57(items):
    pairs = []
    for left in items:
        for right in items:
            if left == right:
                pairs.append(left)
    return pairs",algorithmic_inefficiency
"def solve_58(n):
    values = []
    for number in range(n):
        values = values + [number]
    return values",algorithmic_inefficiency
"def solve_59(text):
    result = ''
    for char in text:
        result = result + char
    return result",algorithmic_inefficiency
"def solve_60(values):
    unique = []
    for value in values:
        if values.count(value) == 1:
            unique.append(value)
    return unique",algorithmic_inefficiency
"def solve_61(numbers):
    result = []
    for number in numbers:
        if number in sorted(numbers):
            result.append(number)
    return result",algorithmic_inefficiency
"def solve_62(items):
    pairs = []
    for left in items:
        for right in items:
            if left == right:
                pairs.append(left)
    return pairs",algorithmic_inefficiency
"def solve_63(n):
    values = []
    for number in range(n):
        values = values + [number]
    return values",algorithmic_inefficiency
"def solve_64(text):
    result = ''
    for char in text:
        result = result + char
    return result",algorithmic_inefficiency
"def solve_65(values):
    unique = []
    for value in values:
        if values.count(value) == 1:
            unique.append(value)
    return unique",algorithmic_inefficiency
"def solve_66(numbers):
    result = []
    for number in numbers:
        if number in sorted(numbers):
            result.append(number)
    return result",algorithmic_inefficiency
"def solve_67(items):
    pairs = []
    for left in items:
        for right in items:
            if left == right:
                pairs.append(left)
    return pairs",algorithmic_inefficiency
"def solve_68(n):
    values = []
    for number in range(n):
        values = values + [number]
    return values",algorithmic_inefficiency
"def solve_69(text):
    result = ''
    for char in text:
        result = result + char
    return result",algorithmic_inefficiency
"def solve_70(values):
    unique = []
    for value in values:
        if values.count(value) == 1:
            unique.append(value)
    return unique",algorithmic_inefficiency
"def solve_71(numbers):
    result = []
    for number in numbers:
        if number in sorted(numbers):
            result.append(number)
    return result",algorithmic_inefficiency
"def solve_72(items):
    pairs = []
    for left in items:
        for right in items:
            if left == right:
                pairs.append(left)
    return pairs",algorithmic_inefficiency
"def solve_73(n):
    values = []
    for number in range(n):
        values = values + [number]
    return values",algorithmic_inefficiency
"def solve_74(text):
    result = ''
    for char in text:
        result = result + char
    return result",algorithmic_inefficiency
"def solve_75(values):
    unique = []
    for value in values:
        if values.count(value) == 1:
            unique.append(value)
    return unique",algorithmic_inefficiency
"def solve_76(numbers):
    result = []
    for number in numbers:
        if number in sorted(numbers):
            result.append(number)
    return result",algorithmic_inefficiency
"def solve_77(items):
    pairs = []
    for left in items:
        for right in items:
            if left == right:
                pairs.append(left)
    return pairs",algorithmic_inefficiency
"def solve_78(n):
    values = []
    for number in range(n):
        values = values + [number]
    return values",algorithmic_inefficiency
"def solve_79(text):
    result = ''
    for char in text:
        result = result + char
    return result",algorithmic_inefficiency
"def solve_80(values):
    unique = []
    for value in values:
        if values.count(value) == 1:
            unique.append(value)
    return unique",algorithmic_inefficiency
"def solve_81(numbers):
    result = []
    for number in numbers:
        if number in sorted(numbers):
            result.append(number)
    return result",algorithmic_inefficiency
"def solve_82(items):
    pairs = []
    for left in items:
        for right in items:
            if left == right:
                pairs.append(left)
    return pairs",algorithmic_inefficiency
"def solve_83(n):
    values = []
    for number in range(n):
        values = values + [number]
    return values",algorithmic_inefficiency
"def solve_84(text):
    result = ''
    for char in text:
        result = result + char
    return result",algorithmic_inefficiency
"def solve_85(values):
    unique = []
    for value in values:
        if values.count(value) == 1:
            unique.append(value)
    return unique",algorithmic_inefficiency
"def solve_86(numbers):
    result = []
    for number in numbers:
        if number in sorted(numbers):
            result.append(number)
    return result",algorithmic_inefficiency
"def solve_87(items):
    pairs = []
    for left in items:
        for right in items:
            if left == right:
                pairs.append(left)
    return pairs",algorithmic_inefficiency
"def solve_88(n):
    values = []
    for number in range(n):
        values = values + [number]
    return values",algorithmic_inefficiency
"def solve_89(text):
    result = ''
    for char in text:
        result = result + char
    return result",algorithmic_inefficiency
"def solve_90(values):
    unique = []
    for value in values:
        if values.count(value) == 1:
            unique.append(value)
    return unique",algorithmic_inefficiency
"def solve_91(numbers):
    result = []
    for number in numbers:
        if number in sorted(numbers):
            result.append(number)
    return result",algorithmic_inefficiency
"def solve_92(items):
    pairs = []
    for left in items:
        for right in items:
            if left == right:
                pairs.append(left)
    return pairs",algorithmic_inefficiency
"def solve_93(n):
    values = []
    for number in range(n):
        values = values + [number]
    return values",algorithmic_inefficiency
"def solve_94(text):
    result = ''
    for char in text:
        result = result + char
    return result",algorithmic_inefficiency
"def solve_95(values):
    unique = []
    for value in values:
        if values.count(value) == 1:
            unique.append(value)
    return unique",algorithmic_inefficiency
"def solve_96(numbers):
    result = []
    for number in numbers:
        if number in sorted(numbers):
            result.append(number)
    return result",algorithmic_inefficiency
"def solve_97(items):
    pairs = []
    for left in items:
        for right in items:
            if left == right:
                pairs.append(left)
    return pairs",algorithmic_inefficiency
"def solve_98(n):
    values = []
    for number in range(n):
        values = values + [number]
    return values",algorithmic_inefficiency
"def solve_99(text):
    result = ''
    for char in text:
        result = result + char
    return result",algorithmic_inefficiency
"def solve_100(values):
    unique = []
    for value in values:
        if values.count(value) == 1:
            unique.append(value)
    return unique",algorithmic_inefficiency
"def solve_101(numbers):
    result = []
    for number in numbers:
        if number in sorted(numbers):
            result.append(number)
    return result",algorithmic_inefficiency
"def solve_102(items):
    pairs = []
    for left in items:
        for right in items:
            if left == right:
                pairs.append(left)
    return pairs",algorithmic_inefficiency
"def solve_103(n):
    values = []
    for number in range(n):
        values = values + [number]
    return values",algorithmic_inefficiency
"def solve_104(text):
    result = ''
    for char in text:
        result = result + char
    return result",algorithmic_inefficiency
"def solve_105(values):
    unique = []
    for value in values:
        if values.count(value) == 1:
            unique.append(value)
    return unique",algorithmic_inefficiency
"def solve_106(numbers):
    result = []
    for number in numbers:
        if number in sorted(numbers):
            result.append(number)
    return result",algorithmic_inefficiency
"def solve_107(items):
    pairs = []
    for left in items:
        for right in items:
            if left == right:
                pairs.append(left)
    return pairs",algorithmic_inefficiency
"def solve_108(n):
    values = []
    for number in range(n):
        values = values + [number]
    return values",algorithmic_inefficiency
"def solve_109(text):
    result = ''
    for char in text:
        result = result + char
    return result",algorithmic_inefficiency
"def solve_110(values):
    unique = []
    for value in values:
        if values.count(value) == 1:
            unique.append(value)
    return unique",algorithmic_inefficiency
"def solve_111(numbers):
    result = []
    for number in numbers:
        if number in sorted(numbers):
            result.append(number)
    return result",algorithmic_inefficiency
"def solve_112(items):
    pairs = []
    for left in items:
        for right in items:
            if left == right:
                pairs.append(left)
    return pairs",algorithmic_inefficiency
"def solve_113(n):
    values = []
    for number in range(n):
        values = values + [number]
    return values",algorithmic_inefficiency
"def solve_114(text):
    result = ''
    for char in text:
        result = result + char
    return result",algorithmic_inefficiency
"def solve_115(values):
    unique = []
    for value in values:
        if values.count(value) == 1:
            unique.append(value)
    return unique",algorithmic_inefficiency
"def solve_116(numbers):
    result = []
    for number in numbers:
        if number in sorted(numbers):
            result.append(number)
    return result",algorithmic_inefficiency
"def solve_117(items):
    pairs = []
    for left in items:
        for right in items:
            if left == right:
                pairs.append(left)
    return pairs",algorithmic_inefficiency
"def solve_118(n):
    values = []
    for number in range(n):
        values = values + [number]
    return values",algorithmic_inefficiency
"def solve_119(text):
    result = ''
    for char in text:
        result = result + char
    return result",algorithmic_inefficiency
"def solve_120(values):
    unique = []
    for value in values:
        if values.count(value) == 1:
            unique.append(value)
    return unique",algorithmic_inefficiency
"def solve_121(numbers):
    result = []
    for number in numbers:
        if number in sorted(numbers):
            result.append(number)
    return result",algorithmic_inefficiency
"def solve_122(items):
    pairs = []
    for left in items:
        for right in items:
            if left == right:
                pairs.append(left)
    return pairs",algorithmic_inefficiency
"def solve_123(n):
    values = []
    for number in range(n):
        values = values + [number]
    return values",algorithmic_inefficiency
"def solve_124(text):
    result = ''
    for char in text:
        result = result + char
    return result",algorithmic_inefficiency
